model,min connections,accuracy,precision,recall,f1_score
Random Forest,100,0.9254768392370573,0.93,0.93,0.92
Packet,100,0.8461852861035423,0.87,0.85,0.84
Payload,100,0.8426430517711172,0.87,0.84,0.84
IAT,100,0.7310626702997275,0.75,0.73,0.72
Ensemble,100,0.943732970027248,0.95,0.94,0.94
Ensemble + Domain,100,0.9467302452316076,0.95,0.95,0.95
RF + Domain,100,0.9282016348773842,0.93,0.93,0.93
